insert into section (id, name) values (1, 'testGet');
insert into section (id, name) values (2, 'testDelete');
insert into section (id, name) values (3, 'testRename');
insert into section (id, name) values (4, 'testRename400');
insert into category (id, name, section_id) values (1, 'testGet', 1);
insert into category (id, name, section_id) values (2, 'testDelete', 1);
insert into category (id, name, section_id) values (3, 'testRename', 1);
insert into category (id, name, section_id) values (4, 'testRename400', 1);
INSERT INTO user_group (id, authority, name) VALUES ('1', 'ADMIN', 'groupGet');
INSERT INTO user_group (id, authority, name) VALUES ('2', 'ADMIN', 'groupDelete');
INSERT INTO user_group (id, authority, name) VALUES ('3', 'ADMIN', 'groupRename');
INSERT INTO user_group (id, authority, name) VALUES ('4', 'ADMIN', 'groupRename400');
INSERT INTO user_group (id, authority, name) VALUES ('5', 'USER', 'userToken');
INSERT INTO user_group (id, authority, name) VALUES ('6', 'MODERATOR', 'moderatorToken');
INSERT INTO user_group (id, authority, name) VALUES ('7', 'ADMIN', 'adminToken');
INSERT INTO user (id, active, blocked, code, age, city, description, page, sex, email, login, password, group_id) VALUES ('1', b'1', b'0', '0123456789', '18', 'Brak', 'Brak', 'Brak', 'MĘŻCZYZNA', 'test@email.pl', 'test', '$2a$12$9eP72Csx/uQE8Cza8rMxfOUbfLIdKCkASU5LAihPRUsEodn1i3Ney', '1');
INSERT INTO user (id, active, blocked, code, age, city, description, page, sex, email, login, password, group_id) VALUES ('2', b'0', b'0', 'codeActive', '18', 'Brak', 'Brak', 'Brak', 'MĘŻCZYZNA', 'test2@email.pl', 'test2', '$2a$12$9eP72Csx/uQE8Cza8rMxfOUbfLIdKCkASU5LAihPRUsEodn1i3Ney', '1');
INSERT INTO user (id, active, blocked, code, age, city, description, page, sex, email, login, password, group_id) VALUES ('3', b'1', b'0', 'codeActiv2', '18', 'Brak', 'Brak', 'Brak', 'MĘŻCZYZNA', 'test3@email.pl', 'notBannedForBan', '$2a$12$9eP72Csx/uQE8Cza8rMxfOUbfLIdKCkASU5LAihPRUsEodn1i3Ney', '1');
INSERT INTO user (id, active, blocked, code, age, city, description, page, sex, email, login, password, group_id) VALUES ('4', b'1', b'1', 'codeActiv3', '18', 'Brak', 'Brak', 'Brak', 'MĘŻCZYZNA', 'test4@email.pl', 'bannedForBan', '$2a$12$9eP72Csx/uQE8Cza8rMxfOUbfLIdKCkASU5LAihPRUsEodn1i3Ney', '1');
INSERT INTO user (id, active, blocked, code, age, city, description, page, sex, email, login, password, group_id) VALUES ('5', b'1', b'0', 'codeActiv4', '18', 'Brak', 'Brak', 'Brak', 'MĘŻCZYZNA', 'test5@email.pl', 'notBannedForUnban', '$2a$12$9eP72Csx/uQE8Cza8rMxfOUbfLIdKCkASU5LAihPRUsEodn1i3Ney', '1');
INSERT INTO user (id, active, blocked, code, age, city, description, page, sex, email, login, password, group_id) VALUES ('6', b'1', b'1', 'codeActiv5', '18', 'Brak', 'Brak', 'Brak', 'MĘŻCZYZNA', 'test6@email.pl', 'bannedForUnban', '$2a$12$9eP72Csx/uQE8Cza8rMxfOUbfLIdKCkASU5LAihPRUsEodn1i3Ney', '1');
INSERT INTO user (id, active, blocked, code, age, city, description, page, sex, email, login, password, group_id) VALUES ('7', b'1', b'0', 'codeActiv6', '18', 'Brak', 'Brak', 'Brak', 'MĘŻCZYZNA', 'test7@email.pl', 'userToken', '$2a$12$9eP72Csx/uQE8Cza8rMxfOUbfLIdKCkASU5LAihPRUsEodn1i3Ney', '5');
INSERT INTO user (id, active, blocked, code, age, city, description, page, sex, email, login, password, group_id) VALUES ('8', b'1', b'0', 'codeActiv7', '18', 'Brak', 'Brak', 'Brak', 'MĘŻCZYZNA', 'test8@email.pl', 'moderatorToken', '$2a$12$9eP72Csx/uQE8Cza8rMxfOUbfLIdKCkASU5LAihPRUsEodn1i3Ney', '6');
INSERT INTO user (id, active, blocked, code, age, city, description, page, sex, email, login, password, group_id) VALUES ('9', b'1', b'0', 'codeActiv8', '18', 'Brak', 'Brak', 'Brak', 'MĘŻCZYZNA', 'test9@email.pl', 'userTokenPassword', '$2a$12$9eP72Csx/uQE8Cza8rMxfOUbfLIdKCkASU5LAihPRUsEodn1i3Ney', '5');
INSERT INTO user (id, active, blocked, code, age, city, description, page, sex, email, login, password, group_id) VALUES ('10', b'1', b'0', 'codeActiv9', '18', 'Brak', 'Brak', 'Brak', 'MĘŻCZYZNA', 'test10@email.pl', 'userTokenDelete', '$2a$12$9eP72Csx/uQE8Cza8rMxfOUbfLIdKCkASU5LAihPRUsEodn1i3Ney', '5');
INSERT INTO user (id, active, blocked, code, age, city, description, page, sex, email, login, password, group_id) VALUES ('11', b'1', b'0', 'codeActi10', '18', 'Brak', 'Brak', 'Brak', 'MĘŻCZYZNA', 'test11@email.pl', 'userDelete', '$2a$12$9eP72Csx/uQE8Cza8rMxfOUbfLIdKCkASU5LAihPRUsEodn1i3Ney', '5');
INSERT INTO user (id, active, blocked, code, age, city, description, page, sex, email, login, password, group_id) VALUES ('12', b'1', b'0', 'codeActi11', '18', 'Brak', 'Brak', 'Brak', 'MĘŻCZYZNA', 'test12@email.pl', 'adminToken', '$2a$12$9eP72Csx/uQE8Cza8rMxfOUbfLIdKCkASU5LAihPRUsEodn1i3Ney', '7');
INSERT INTO user (id, active, blocked, code, age, city, description, page, sex, email, login, password, group_id) VALUES ('13', b'0', b'0', 'codeActi12', '18', 'Brak', 'Brak', 'Brak', 'MĘŻCZYZNA', 'game-tspeak@wp.pl', 'resendEmail', '$2a$12$9eP72Csx/uQE8Cza8rMxfOUbfLIdKCkASU5LAihPRUsEodn1i3Ney', '7');
INSERT INTO post (id, content, date, last_active_date, last_edit_date, title, category_id, user_id) VALUES ('1', 'testGet', '2022-03-01 14:59:42', '2022-03-01 14:59:42', '2022-03-01 14:59:42', 'testGet', '1', '1'); 
INSERT INTO post (id, content, date, last_active_date, last_edit_date, title, category_id, user_id) VALUES ('2', 'testDeleteUser', '2022-03-01 14:59:42', '2022-03-01 14:59:42', '2022-03-01 14:59:42', 'testDeleteUser', '1', '7'); 
INSERT INTO post (id, content, date, last_active_date, last_edit_date, title, category_id, user_id) VALUES ('3', 'testDeleteModerator', '2022-03-01 14:59:42', '2022-03-01 14:59:42', '2022-03-01 14:59:42', 'testDeleteModerator', '1', '7'); 
INSERT INTO post (id, content, date, last_active_date, last_edit_date, title, category_id, user_id) VALUES ('4', 'testRename', '2022-03-01 14:59:42', '2022-03-01 14:59:42', '2022-03-01 14:59:42', 'testRename', '1', '7'); 
INSERT INTO post (id, content, date, last_active_date, last_edit_date, title, category_id, user_id) VALUES ('5', 'testGiveLikeHas', '2022-03-01 14:59:42', '2022-03-01 14:59:42', '2022-03-01 14:59:42', 'testGiveLikeHas', '1', '1'); 
INSERT INTO post (id, content, date, last_active_date, last_edit_date, title, category_id, user_id) VALUES ('6', 'testGiveLikeHasNot', '2022-03-01 14:59:42', '2022-03-01 14:59:42', '2022-03-01 14:59:42', 'testGiveLikeHasNot', '1', '1'); 
INSERT INTO post (id, content, date, last_active_date, last_edit_date, title, category_id, user_id) VALUES ('7', 'testRemoveLikeHas', '2022-03-01 14:59:42', '2022-03-01 14:59:42', '2022-03-01 14:59:42', 'testRemoveLikeHas', '1', '1'); 
INSERT INTO post (id, content, date, last_active_date, last_edit_date, title, category_id, user_id) VALUES ('8', 'testRemoveLikeHasNot', '2022-03-01 14:59:42', '2022-03-01 14:59:42', '2022-03-01 14:59:42', 'testRemoveLikeHasNot', '1', '1'); 
INSERT INTO comment (id, content, date, last_edit_date, post_id, user_id) VALUES (1, 'testGet', '2022-03-01 14:56:14', '2022-03-01 14:56:14', '1', '1');
INSERT INTO comment (id, content, date, last_edit_date, post_id, user_id) VALUES (2, 'testRename', '2022-03-01 14:56:14', '2022-03-01 14:56:14', '1', '7');
INSERT INTO comment (id, content, date, last_edit_date, post_id, user_id) VALUES (3, 'testDeleteUser', '2022-03-01 14:56:14', '2022-03-01 14:56:14', '1', '7');
INSERT INTO comment (id, content, date, last_edit_date, post_id, user_id) VALUES (4, 'testDeleteModerator', '2022-03-01 14:56:14', '2022-03-01 14:56:14', '1', '7');
INSERT INTO comment (id, content, date, last_edit_date, post_id, user_id) VALUES (5, 'testGiveLikeHas', '2022-03-01 14:56:14', '2022-03-01 14:56:14', '1', '7');
INSERT INTO comment (id, content, date, last_edit_date, post_id, user_id) VALUES (6, 'testGiveLikeHasNot', '2022-03-01 14:56:14', '2022-03-01 14:56:14', '1', '7');
INSERT INTO comment (id, content, date, last_edit_date, post_id, user_id) VALUES (7, 'testRemoveLikeHas', '2022-03-01 14:56:14', '2022-03-01 14:56:14', '1', '7');
INSERT INTO comment (id, content, date, last_edit_date, post_id, user_id) VALUES (8, 'testRemoveLikeHasNot', '2022-03-01 14:56:14', '2022-03-01 14:56:14', '1', '7');
INSERT INTO report (id, checked, content, date, comment_id, post_id, reporter_id) VALUES ('1', b'0', 'testGet', '2022-03-01 16:15:10', NULL, '1', '1');
INSERT INTO report (id, checked, content, date, comment_id, post_id, reporter_id) VALUES ('2', b'1', 'testCheck400', '2022-03-01 16:15:10', NULL, '1', '1');
INSERT INTO report (id, checked, content, date, comment_id, post_id, reporter_id) VALUES ('3', b'1', 'testDelete', '2022-03-01 16:15:10', NULL, '1', '1');
INSERT INTO report (id, checked, content, date, comment_id, post_id, reporter_id) VALUES ('4', b'0', 'testGetUser', '2022-03-01 16:15:10', NULL, '1', '7');
INSERT INTO likes (id, comment_id, post_id, who_id) VALUES ('1', '5', NULL, '7');
INSERT INTO likes (id, comment_id, post_id, who_id) VALUES ('2', '7', NULL, '7');
INSERT INTO likes (id, comment_id, post_id, who_id) VALUES ('3', NULL, '5', '7');
INSERT INTO likes (id, comment_id, post_id, who_id) VALUES ('4', NULL, '7', '7');


